group,alphabet,seed_to_target,seed_n,target_n,seed_total,signature_count,mean_seeds_per_signature,max_seeds_per_signature,seed_rate_NW,signature_active_rate_NW,signature_purity_NW,seed_rate_NE,signature_active_rate_NE,signature_purity_NE,seed_rate_SW,signature_active_rate_SW,signature_purity_SW,seed_rate_SE,signature_active_rate_SE,signature_purity_SE,seed_rate_CENTER,signature_active_rate_CENTER,signature_purity_CENTER,seed_rate_ALL_CORNERS,signature_active_rate_ALL_CORNERS,signature_purity_ALL_CORNERS,seed_rate_ANY_EDGE,signature_active_rate_ANY_EDGE,signature_purity_ANY_EDGE,seed_rate_ANY_OFFSET,signature_active_rate_ANY_OFFSET,signature_purity_ANY_OFFSET,seed_gap_ANY_OFFSET_minus_ANY_EDGE,boundary_signature_explains_ANY_EDGE,boundary_signature_explains_ANY_OFFSET
main_target_le_5,G3_Jeandel_Rao_11,2->3,2,3,85,85,1.0,1,0.8352941176470589,0.8352941176470589,1.0,0.9176470588235294,0.9176470588235294,1.0,0.8235294117647058,0.8235294117647058,1.0,0.9058823529411765,0.9058823529411765,1.0,0.8352941176470589,0.8352941176470589,1.0,0.9882352941176471,0.9882352941176471,1.0,0.9882352941176471,0.9882352941176471,1.0,0.9882352941176471,0.9882352941176471,1.0,0.0,True,True
main_target_le_5,G3_Jeandel_Rao_11,2->4,2,4,85,85,1.0,1,0.8352941176470589,0.8352941176470589,1.0,0.8941176470588236,0.8941176470588236,1.0,0.8,0.8,1.0,0.9058823529411765,0.9058823529411765,1.0,0.7294117647058823,0.7294117647058823,1.0,0.9882352941176471,0.9882352941176471,1.0,0.9882352941176471,0.9882352941176471,1.0,0.9882352941176471,0.9882352941176471,1.0,0.0,True,True
main_target_le_5,G3_Jeandel_Rao_11,2->5,2,5,85,85,1.0,1,0.8352941176470589,0.8352941176470589,1.0,0.8941176470588236,0.8941176470588236,1.0,0.8,0.8,1.0,0.9058823529411765,0.9058823529411765,1.0,0.7176470588235294,0.7176470588235294,1.0,0.9882352941176471,0.9882352941176471,1.0,0.9882352941176471,0.9882352941176471,1.0,0.9882352941176471,0.9882352941176471,1.0,0.0,True,True
main_target_le_5,G3_Jeandel_Rao_11,3->4,3,4,444,444,1.0,1,0.6171171171171171,0.6171171171171171,1.0,0.6959459459459459,0.6959459459459459,1.0,0.5833333333333334,0.5833333333333334,1.0,0.6441441441441441,0.6441441441441441,1.0,0.6171171171171171,0.6171171171171171,1.0,0.9301801801801802,0.9301801801801802,1.0,0.9301801801801802,0.9301801801801802,1.0,0.9301801801801802,0.9301801801801802,1.0,0.0,True,True
main_target_le_5,G3_Jeandel_Rao_11,3->5,3,5,444,444,1.0,1,0.581081081081081,0.581081081081081,1.0,0.6283783783783784,0.6283783783783784,1.0,0.5382882882882883,0.5382882882882883,1.0,0.6126126126126126,0.6126126126126126,1.0,0.36036036036036034,0.36036036036036034,1.0,0.8896396396396397,0.8896396396396397,1.0,0.8896396396396397,0.8896396396396397,1.0,0.8896396396396397,0.8896396396396397,1.0,0.0,True,True
main_target_le_5,G3_Jeandel_Rao_11,4->5,4,5,1723,1723,1.0,1,0.4799767846778874,0.4799767846778874,1.0,0.5693557748113756,0.5693557748113756,1.0,0.4904236796285548,0.4904236796285548,1.0,0.587928032501451,0.587928032501451,1.0,0.4799767846778874,0.4799767846778874,1.0,0.8647707486941382,0.8647707486941382,1.0,0.8647707486941382,0.8647707486941382,1.0,0.8647707486941382,0.8647707486941382,1.0,0.0,True,True
main_target_le_5,G4_Labbe_19,2->3,2,3,139,139,1.0,1,0.697841726618705,0.697841726618705,1.0,0.5107913669064749,0.5107913669064749,1.0,0.7122302158273381,0.7122302158273381,1.0,0.5035971223021583,0.5035971223021583,1.0,0.697841726618705,0.697841726618705,1.0,0.8992805755395683,0.8992805755395683,1.0,0.8992805755395683,0.8992805755395683,1.0,0.8992805755395683,0.8992805755395683,1.0,0.0,True,True
main_target_le_5,G4_Labbe_19,2->4,2,4,139,139,1.0,1,0.6762589928057554,0.6762589928057554,1.0,0.5035971223021583,0.5035971223021583,1.0,0.6834532374100719,0.6834532374100719,1.0,0.4748201438848921,0.4748201438848921,1.0,0.3669064748201439,0.3669064748201439,1.0,0.8776978417266187,0.8776978417266187,1.0,0.8848920863309353,0.8848920863309353,1.0,0.8848920863309353,0.8848920863309353,1.0,0.0,True,True
main_target_le_5,G4_Labbe_19,2->5,2,5,139,139,1.0,1,0.6618705035971223,0.6618705035971223,1.0,0.4892086330935252,0.4892086330935252,1.0,0.6690647482014388,0.6690647482014388,1.0,0.45323741007194246,0.45323741007194246,1.0,0.3597122302158273,0.3597122302158273,1.0,0.8561151079136691,0.8561151079136691,1.0,0.8561151079136691,0.8561151079136691,1.0,0.8561151079136691,0.8561151079136691,1.0,0.0,True,True
main_target_le_5,G4_Labbe_19,3->4,3,4,428,428,1.0,1,0.6985981308411215,0.6985981308411215,1.0,0.3411214953271028,0.3411214953271028,1.0,0.7009345794392523,0.7009345794392523,1.0,0.34813084112149534,0.34813084112149534,1.0,0.6985981308411215,0.6985981308411215,1.0,0.9018691588785047,0.9018691588785047,1.0,0.9018691588785047,0.9018691588785047,1.0,0.9018691588785047,0.9018691588785047,1.0,0.0,True,True
main_target_le_5,G4_Labbe_19,3->5,3,5,428,428,1.0,1,0.6565420560747663,0.6565420560747663,1.0,0.3107476635514019,0.3107476635514019,1.0,0.6518691588785047,0.6518691588785047,1.0,0.3060747663551402,0.3060747663551402,1.0,0.23598130841121495,0.23598130841121495,1.0,0.852803738317757,0.852803738317757,1.0,0.8551401869158879,0.8551401869158879,1.0,0.8551401869158879,0.8551401869158879,1.0,0.0,True,True
main_target_le_5,G4_Labbe_19,4->5,4,5,1955,1955,1.0,1,0.480306905370844,0.480306905370844,1.0,0.1483375959079284,0.1483375959079284,1.0,0.478772378516624,0.478772378516624,1.0,0.14526854219948848,0.14526854219948848,1.0,0.480306905370844,0.480306905370844,1.0,0.6250639386189258,0.6250639386189258,1.0,0.6250639386189258,0.6250639386189258,1.0,0.6250639386189258,0.6250639386189258,1.0,0.0,True,True
main_target_le_5,G5_Kari_Culik_13,2->3,2,3,125,123,1.016260162601626,2,0.744,0.7398373983739838,1.0,0.744,0.7398373983739838,1.0,0.944,0.943089430894309,1.0,0.944,0.943089430894309,1.0,0.744,0.7398373983739838,1.0,0.976,0.975609756097561,1.0,0.976,0.975609756097561,1.0,0.976,0.975609756097561,1.0,0.0,True,True
main_target_le_5,G5_Kari_Culik_13,2->4,2,4,125,123,1.016260162601626,2,0.744,0.7398373983739838,1.0,0.744,0.7398373983739838,1.0,0.944,0.943089430894309,1.0,0.944,0.943089430894309,1.0,0.656,0.6504065040650406,1.0,0.976,0.975609756097561,1.0,0.976,0.975609756097561,1.0,0.976,0.975609756097561,1.0,0.0,True,True
main_target_le_5,G5_Kari_Culik_13,2->5,2,5,125,123,1.016260162601626,2,0.744,0.7398373983739838,1.0,0.744,0.7398373983739838,1.0,0.912,0.9105691056910569,1.0,0.912,0.9105691056910569,1.0,0.656,0.6504065040650406,1.0,0.976,0.975609756097561,1.0,0.976,0.975609756097561,1.0,0.976,0.975609756097561,1.0,0.0,True,True
main_target_le_5,G5_Kari_Culik_13,3->4,3,4,1240,1088,1.1397058823529411,3,0.5975806451612903,0.6020220588235294,1.0,0.5975806451612903,0.6020220588235294,1.0,0.8032258064516129,0.7904411764705882,1.0,0.8032258064516129,0.7904411764705882,1.0,0.5975806451612903,0.6020220588235294,1.0,0.967741935483871,0.9632352941176471,1.0,0.967741935483871,0.9632352941176471,1.0,0.967741935483871,0.9632352941176471,1.0,0.0,True,True
main_target_le_5,G5_Kari_Culik_13,3->5,3,5,1240,1088,1.1397058823529411,3,0.5967741935483871,0.6011029411764706,1.0,0.5967741935483871,0.6011029411764706,1.0,0.7870967741935484,0.7757352941176471,1.0,0.7870967741935484,0.7757352941176471,1.0,0.3959677419354839,0.39797794117647056,1.0,0.967741935483871,0.9632352941176471,1.0,0.967741935483871,0.9632352941176471,1.0,0.967741935483871,0.9632352941176471,1.0,0.0,True,True
main_target_le_5,G5_Kari_Culik_13,4->5,4,5,14810,10834,1.3669928004430496,6,0.39817690749493584,0.3926527598301643,1.0,0.39817690749493584,0.3926527598301643,1.0,0.5534773801485483,0.5481816503599779,1.0,0.5534773801485483,0.5481816503599779,1.0,0.39817690749493584,0.3926527598301643,1.0,0.7646185010128291,0.7653682850286136,1.0,0.7646185010128291,0.7653682850286136,1.0,0.7646185010128291,0.7653682850286136,1.0,0.0,True,True
limit_target_6_G3_G4,G3_Jeandel_Rao_11,2->6,2,6,85,85,1.0,1,0.8352941176470589,0.8352941176470589,1.0,0.8941176470588236,0.8941176470588236,1.0,0.8,0.8,1.0,0.9058823529411765,0.9058823529411765,1.0,0.6470588235294118,0.6470588235294118,1.0,0.9882352941176471,0.9882352941176471,1.0,0.9882352941176471,0.9882352941176471,1.0,0.9882352941176471,0.9882352941176471,1.0,0.0,True,True
limit_target_6_G3_G4,G3_Jeandel_Rao_11,3->6,3,6,444,444,1.0,1,0.581081081081081,0.581081081081081,1.0,0.6238738738738738,0.6238738738738738,1.0,0.5202702702702703,0.5202702702702703,1.0,0.6036036036036037,0.6036036036036037,1.0,0.3333333333333333,0.3333333333333333,1.0,0.8873873873873874,0.8873873873873874,1.0,0.8896396396396397,0.8896396396396397,1.0,0.8896396396396397,0.8896396396396397,1.0,0.0,True,True
limit_target_6_G3_G4,G3_Jeandel_Rao_11,4->6,4,6,1723,1723,1.0,1,0.4497968659315148,0.4497968659315148,1.0,0.5130586186883344,0.5130586186883344,1.0,0.4526987811955891,0.4526987811955891,1.0,0.538595473012188,0.538595473012188,1.0,0.248984329657574,0.248984329657574,1.0,0.8432965757399884,0.8432965757399884,1.0,0.8438769587928032,0.8438769587928032,1.0,0.8438769587928032,0.8438769587928032,1.0,0.0,True,True
limit_target_6_G3_G4,G3_Jeandel_Rao_11,5->6,5,6,9172,9172,1.0,1,0.31923244657653727,0.31923244657653727,1.0,0.43229393807239425,0.43229393807239425,1.0,0.3725468818142172,0.3725468818142172,1.0,0.49912778020061055,0.49912778020061055,1.0,0.31923244657653727,0.31923244657653727,1.0,0.7567597034452682,0.7567597034452682,1.0,0.7567597034452682,0.7567597034452682,1.0,0.7567597034452682,0.7567597034452682,1.0,0.0,True,True
limit_target_6_G3_G4,G4_Labbe_19,2->6,2,6,139,139,1.0,1,0.6618705035971223,0.6618705035971223,1.0,0.4460431654676259,0.4460431654676259,1.0,0.6690647482014388,0.6690647482014388,1.0,0.4460431654676259,0.4460431654676259,1.0,0.3597122302158273,0.3597122302158273,1.0,0.841726618705036,0.841726618705036,1.0,0.841726618705036,0.841726618705036,1.0,0.841726618705036,0.841726618705036,1.0,0.0,True,True
limit_target_6_G3_G4,G4_Labbe_19,3->6,3,6,428,428,1.0,1,0.647196261682243,0.647196261682243,1.0,0.2897196261682243,0.2897196261682243,1.0,0.6378504672897196,0.6378504672897196,1.0,0.29906542056074764,0.29906542056074764,1.0,0.22897196261682243,0.22897196261682243,1.0,0.8317757009345794,0.8317757009345794,1.0,0.8341121495327103,0.8341121495327103,1.0,0.8341121495327103,0.8341121495327103,1.0,0.0,True,True
limit_target_6_G3_G4,G4_Labbe_19,4->6,4,6,1955,1955,1.0,1,0.44910485933503835,0.44910485933503835,1.0,0.13043478260869565,0.13043478260869565,1.0,0.4158567774936061,0.4158567774936061,1.0,0.13145780051150896,0.13145780051150896,1.0,0.09258312020460358,0.09258312020460358,1.0,0.5703324808184144,0.5703324808184144,1.0,0.5703324808184144,0.5703324808184144,1.0,0.5703324808184144,0.5703324808184144,1.0,0.0,True,True
limit_target_6_G3_G4,G4_Labbe_19,5->6,5,6,3626,3626,1.0,1,0.6458907887479316,0.6458907887479316,1.0,0.13458356315499173,0.13458356315499173,1.0,0.6138996138996139,0.6138996138996139,1.0,0.14065085493656923,0.14065085493656923,1.0,0.6458907887479316,0.6458907887479316,1.0,0.7917815774958632,0.7917815774958632,1.0,0.7917815774958632,0.7917815774958632,1.0,0.7917815774958632,0.7917815774958632,1.0,0.0,True,True
