group,alphabet,seed_to_target,seed_n,target_n,policy,seed_total,target_total,restored_seeds,blocked_seeds,restoration_rate
main_target_le_5,G3_Jeandel_Rao_11,2->3,2,3,NW,85,444,71,14,0.8352941176470589
main_target_le_5,G3_Jeandel_Rao_11,2->3,2,3,NE,85,444,78,7,0.9176470588235294
main_target_le_5,G3_Jeandel_Rao_11,2->3,2,3,SW,85,444,70,15,0.8235294117647058
main_target_le_5,G3_Jeandel_Rao_11,2->3,2,3,SE,85,444,77,8,0.9058823529411765
main_target_le_5,G3_Jeandel_Rao_11,2->3,2,3,CENTER,85,444,71,14,0.8352941176470589
main_target_le_5,G3_Jeandel_Rao_11,2->3,2,3,ALL_CORNERS,85,444,84,1,0.9882352941176471
main_target_le_5,G3_Jeandel_Rao_11,2->3,2,3,ANY_EDGE,85,444,84,1,0.9882352941176471
main_target_le_5,G3_Jeandel_Rao_11,2->3,2,3,ANY_OFFSET,85,444,84,1,0.9882352941176471
main_target_le_5,G3_Jeandel_Rao_11,2->4,2,4,NW,85,1723,71,14,0.8352941176470589
main_target_le_5,G3_Jeandel_Rao_11,2->4,2,4,NE,85,1723,76,9,0.8941176470588236
main_target_le_5,G3_Jeandel_Rao_11,2->4,2,4,SW,85,1723,68,17,0.8
main_target_le_5,G3_Jeandel_Rao_11,2->4,2,4,SE,85,1723,77,8,0.9058823529411765
main_target_le_5,G3_Jeandel_Rao_11,2->4,2,4,CENTER,85,1723,62,23,0.7294117647058823
main_target_le_5,G3_Jeandel_Rao_11,2->4,2,4,ALL_CORNERS,85,1723,84,1,0.9882352941176471
main_target_le_5,G3_Jeandel_Rao_11,2->4,2,4,ANY_EDGE,85,1723,84,1,0.9882352941176471
main_target_le_5,G3_Jeandel_Rao_11,2->4,2,4,ANY_OFFSET,85,1723,84,1,0.9882352941176471
main_target_le_5,G3_Jeandel_Rao_11,2->5,2,5,NW,85,9172,71,14,0.8352941176470589
main_target_le_5,G3_Jeandel_Rao_11,2->5,2,5,NE,85,9172,76,9,0.8941176470588236
main_target_le_5,G3_Jeandel_Rao_11,2->5,2,5,SW,85,9172,68,17,0.8
main_target_le_5,G3_Jeandel_Rao_11,2->5,2,5,SE,85,9172,77,8,0.9058823529411765
main_target_le_5,G3_Jeandel_Rao_11,2->5,2,5,CENTER,85,9172,61,24,0.7176470588235294
main_target_le_5,G3_Jeandel_Rao_11,2->5,2,5,ALL_CORNERS,85,9172,84,1,0.9882352941176471
main_target_le_5,G3_Jeandel_Rao_11,2->5,2,5,ANY_EDGE,85,9172,84,1,0.9882352941176471
main_target_le_5,G3_Jeandel_Rao_11,2->5,2,5,ANY_OFFSET,85,9172,84,1,0.9882352941176471
main_target_le_5,G3_Jeandel_Rao_11,3->4,3,4,NW,444,1723,274,170,0.6171171171171171
main_target_le_5,G3_Jeandel_Rao_11,3->4,3,4,NE,444,1723,309,135,0.6959459459459459
main_target_le_5,G3_Jeandel_Rao_11,3->4,3,4,SW,444,1723,259,185,0.5833333333333334
main_target_le_5,G3_Jeandel_Rao_11,3->4,3,4,SE,444,1723,286,158,0.6441441441441441
main_target_le_5,G3_Jeandel_Rao_11,3->4,3,4,CENTER,444,1723,274,170,0.6171171171171171
main_target_le_5,G3_Jeandel_Rao_11,3->4,3,4,ALL_CORNERS,444,1723,413,31,0.9301801801801802
main_target_le_5,G3_Jeandel_Rao_11,3->4,3,4,ANY_EDGE,444,1723,413,31,0.9301801801801802
main_target_le_5,G3_Jeandel_Rao_11,3->4,3,4,ANY_OFFSET,444,1723,413,31,0.9301801801801802
main_target_le_5,G3_Jeandel_Rao_11,3->5,3,5,NW,444,9172,258,186,0.581081081081081
main_target_le_5,G3_Jeandel_Rao_11,3->5,3,5,NE,444,9172,279,165,0.6283783783783784
main_target_le_5,G3_Jeandel_Rao_11,3->5,3,5,SW,444,9172,239,205,0.5382882882882883
main_target_le_5,G3_Jeandel_Rao_11,3->5,3,5,SE,444,9172,272,172,0.6126126126126126
main_target_le_5,G3_Jeandel_Rao_11,3->5,3,5,CENTER,444,9172,160,284,0.36036036036036034
main_target_le_5,G3_Jeandel_Rao_11,3->5,3,5,ALL_CORNERS,444,9172,395,49,0.8896396396396397
main_target_le_5,G3_Jeandel_Rao_11,3->5,3,5,ANY_EDGE,444,9172,395,49,0.8896396396396397
main_target_le_5,G3_Jeandel_Rao_11,3->5,3,5,ANY_OFFSET,444,9172,395,49,0.8896396396396397
main_target_le_5,G3_Jeandel_Rao_11,4->5,4,5,NW,1723,9172,827,896,0.4799767846778874
main_target_le_5,G3_Jeandel_Rao_11,4->5,4,5,NE,1723,9172,981,742,0.5693557748113756
main_target_le_5,G3_Jeandel_Rao_11,4->5,4,5,SW,1723,9172,845,878,0.4904236796285548
main_target_le_5,G3_Jeandel_Rao_11,4->5,4,5,SE,1723,9172,1013,710,0.587928032501451
main_target_le_5,G3_Jeandel_Rao_11,4->5,4,5,CENTER,1723,9172,827,896,0.4799767846778874
main_target_le_5,G3_Jeandel_Rao_11,4->5,4,5,ALL_CORNERS,1723,9172,1490,233,0.8647707486941382
main_target_le_5,G3_Jeandel_Rao_11,4->5,4,5,ANY_EDGE,1723,9172,1490,233,0.8647707486941382
main_target_le_5,G3_Jeandel_Rao_11,4->5,4,5,ANY_OFFSET,1723,9172,1490,233,0.8647707486941382
main_target_le_5,G4_Labbe_19,2->3,2,3,NW,139,428,97,42,0.697841726618705
main_target_le_5,G4_Labbe_19,2->3,2,3,NE,139,428,71,68,0.5107913669064749
main_target_le_5,G4_Labbe_19,2->3,2,3,SW,139,428,99,40,0.7122302158273381
main_target_le_5,G4_Labbe_19,2->3,2,3,SE,139,428,70,69,0.5035971223021583
main_target_le_5,G4_Labbe_19,2->3,2,3,CENTER,139,428,97,42,0.697841726618705
main_target_le_5,G4_Labbe_19,2->3,2,3,ALL_CORNERS,139,428,125,14,0.8992805755395683
main_target_le_5,G4_Labbe_19,2->3,2,3,ANY_EDGE,139,428,125,14,0.8992805755395683
main_target_le_5,G4_Labbe_19,2->3,2,3,ANY_OFFSET,139,428,125,14,0.8992805755395683
main_target_le_5,G4_Labbe_19,2->4,2,4,NW,139,1955,94,45,0.6762589928057554
main_target_le_5,G4_Labbe_19,2->4,2,4,NE,139,1955,70,69,0.5035971223021583
main_target_le_5,G4_Labbe_19,2->4,2,4,SW,139,1955,95,44,0.6834532374100719
main_target_le_5,G4_Labbe_19,2->4,2,4,SE,139,1955,66,73,0.4748201438848921
main_target_le_5,G4_Labbe_19,2->4,2,4,CENTER,139,1955,51,88,0.3669064748201439
main_target_le_5,G4_Labbe_19,2->4,2,4,ALL_CORNERS,139,1955,122,17,0.8776978417266187
main_target_le_5,G4_Labbe_19,2->4,2,4,ANY_EDGE,139,1955,123,16,0.8848920863309353
main_target_le_5,G4_Labbe_19,2->4,2,4,ANY_OFFSET,139,1955,123,16,0.8848920863309353
main_target_le_5,G4_Labbe_19,2->5,2,5,NW,139,3626,92,47,0.6618705035971223
main_target_le_5,G4_Labbe_19,2->5,2,5,NE,139,3626,68,71,0.4892086330935252
main_target_le_5,G4_Labbe_19,2->5,2,5,SW,139,3626,93,46,0.6690647482014388
main_target_le_5,G4_Labbe_19,2->5,2,5,SE,139,3626,63,76,0.45323741007194246
main_target_le_5,G4_Labbe_19,2->5,2,5,CENTER,139,3626,50,89,0.3597122302158273
main_target_le_5,G4_Labbe_19,2->5,2,5,ALL_CORNERS,139,3626,119,20,0.8561151079136691
main_target_le_5,G4_Labbe_19,2->5,2,5,ANY_EDGE,139,3626,119,20,0.8561151079136691
main_target_le_5,G4_Labbe_19,2->5,2,5,ANY_OFFSET,139,3626,119,20,0.8561151079136691
main_target_le_5,G4_Labbe_19,3->4,3,4,NW,428,1955,299,129,0.6985981308411215
main_target_le_5,G4_Labbe_19,3->4,3,4,NE,428,1955,146,282,0.3411214953271028
main_target_le_5,G4_Labbe_19,3->4,3,4,SW,428,1955,300,128,0.7009345794392523
main_target_le_5,G4_Labbe_19,3->4,3,4,SE,428,1955,149,279,0.34813084112149534
main_target_le_5,G4_Labbe_19,3->4,3,4,CENTER,428,1955,299,129,0.6985981308411215
main_target_le_5,G4_Labbe_19,3->4,3,4,ALL_CORNERS,428,1955,386,42,0.9018691588785047
main_target_le_5,G4_Labbe_19,3->4,3,4,ANY_EDGE,428,1955,386,42,0.9018691588785047
main_target_le_5,G4_Labbe_19,3->4,3,4,ANY_OFFSET,428,1955,386,42,0.9018691588785047
main_target_le_5,G4_Labbe_19,3->5,3,5,NW,428,3626,281,147,0.6565420560747663
main_target_le_5,G4_Labbe_19,3->5,3,5,NE,428,3626,133,295,0.3107476635514019
main_target_le_5,G4_Labbe_19,3->5,3,5,SW,428,3626,279,149,0.6518691588785047
main_target_le_5,G4_Labbe_19,3->5,3,5,SE,428,3626,131,297,0.3060747663551402
main_target_le_5,G4_Labbe_19,3->5,3,5,CENTER,428,3626,101,327,0.23598130841121495
main_target_le_5,G4_Labbe_19,3->5,3,5,ALL_CORNERS,428,3626,365,63,0.852803738317757
main_target_le_5,G4_Labbe_19,3->5,3,5,ANY_EDGE,428,3626,366,62,0.8551401869158879
main_target_le_5,G4_Labbe_19,3->5,3,5,ANY_OFFSET,428,3626,366,62,0.8551401869158879
main_target_le_5,G4_Labbe_19,4->5,4,5,NW,1955,3626,939,1016,0.480306905370844
main_target_le_5,G4_Labbe_19,4->5,4,5,NE,1955,3626,290,1665,0.1483375959079284
main_target_le_5,G4_Labbe_19,4->5,4,5,SW,1955,3626,936,1019,0.478772378516624
main_target_le_5,G4_Labbe_19,4->5,4,5,SE,1955,3626,284,1671,0.14526854219948848
main_target_le_5,G4_Labbe_19,4->5,4,5,CENTER,1955,3626,939,1016,0.480306905370844
main_target_le_5,G4_Labbe_19,4->5,4,5,ALL_CORNERS,1955,3626,1222,733,0.6250639386189258
main_target_le_5,G4_Labbe_19,4->5,4,5,ANY_EDGE,1955,3626,1222,733,0.6250639386189258
main_target_le_5,G4_Labbe_19,4->5,4,5,ANY_OFFSET,1955,3626,1222,733,0.6250639386189258
main_target_le_5,G5_Kari_Culik_13,2->3,2,3,NW,125,1240,93,32,0.744
main_target_le_5,G5_Kari_Culik_13,2->3,2,3,NE,125,1240,93,32,0.744
main_target_le_5,G5_Kari_Culik_13,2->3,2,3,SW,125,1240,118,7,0.944
main_target_le_5,G5_Kari_Culik_13,2->3,2,3,SE,125,1240,118,7,0.944
main_target_le_5,G5_Kari_Culik_13,2->3,2,3,CENTER,125,1240,93,32,0.744
main_target_le_5,G5_Kari_Culik_13,2->3,2,3,ALL_CORNERS,125,1240,122,3,0.976
main_target_le_5,G5_Kari_Culik_13,2->3,2,3,ANY_EDGE,125,1240,122,3,0.976
main_target_le_5,G5_Kari_Culik_13,2->3,2,3,ANY_OFFSET,125,1240,122,3,0.976
main_target_le_5,G5_Kari_Culik_13,2->4,2,4,NW,125,14810,93,32,0.744
main_target_le_5,G5_Kari_Culik_13,2->4,2,4,NE,125,14810,93,32,0.744
main_target_le_5,G5_Kari_Culik_13,2->4,2,4,SW,125,14810,118,7,0.944
main_target_le_5,G5_Kari_Culik_13,2->4,2,4,SE,125,14810,118,7,0.944
main_target_le_5,G5_Kari_Culik_13,2->4,2,4,CENTER,125,14810,82,43,0.656
main_target_le_5,G5_Kari_Culik_13,2->4,2,4,ALL_CORNERS,125,14810,122,3,0.976
main_target_le_5,G5_Kari_Culik_13,2->4,2,4,ANY_EDGE,125,14810,122,3,0.976
main_target_le_5,G5_Kari_Culik_13,2->4,2,4,ANY_OFFSET,125,14810,122,3,0.976
main_target_le_5,G5_Kari_Culik_13,2->5,2,5,NW,125,160168,93,32,0.744
main_target_le_5,G5_Kari_Culik_13,2->5,2,5,NE,125,160168,93,32,0.744
main_target_le_5,G5_Kari_Culik_13,2->5,2,5,SW,125,160168,114,11,0.912
main_target_le_5,G5_Kari_Culik_13,2->5,2,5,SE,125,160168,114,11,0.912
main_target_le_5,G5_Kari_Culik_13,2->5,2,5,CENTER,125,160168,82,43,0.656
main_target_le_5,G5_Kari_Culik_13,2->5,2,5,ALL_CORNERS,125,160168,122,3,0.976
main_target_le_5,G5_Kari_Culik_13,2->5,2,5,ANY_EDGE,125,160168,122,3,0.976
main_target_le_5,G5_Kari_Culik_13,2->5,2,5,ANY_OFFSET,125,160168,122,3,0.976
main_target_le_5,G5_Kari_Culik_13,3->4,3,4,NW,1240,14810,741,499,0.5975806451612903
main_target_le_5,G5_Kari_Culik_13,3->4,3,4,NE,1240,14810,741,499,0.5975806451612903
main_target_le_5,G5_Kari_Culik_13,3->4,3,4,SW,1240,14810,996,244,0.8032258064516129
main_target_le_5,G5_Kari_Culik_13,3->4,3,4,SE,1240,14810,996,244,0.8032258064516129
main_target_le_5,G5_Kari_Culik_13,3->4,3,4,CENTER,1240,14810,741,499,0.5975806451612903
main_target_le_5,G5_Kari_Culik_13,3->4,3,4,ALL_CORNERS,1240,14810,1200,40,0.967741935483871
main_target_le_5,G5_Kari_Culik_13,3->4,3,4,ANY_EDGE,1240,14810,1200,40,0.967741935483871
main_target_le_5,G5_Kari_Culik_13,3->4,3,4,ANY_OFFSET,1240,14810,1200,40,0.967741935483871
main_target_le_5,G5_Kari_Culik_13,3->5,3,5,NW,1240,160168,740,500,0.5967741935483871
main_target_le_5,G5_Kari_Culik_13,3->5,3,5,NE,1240,160168,740,500,0.5967741935483871
main_target_le_5,G5_Kari_Culik_13,3->5,3,5,SW,1240,160168,976,264,0.7870967741935484
main_target_le_5,G5_Kari_Culik_13,3->5,3,5,SE,1240,160168,976,264,0.7870967741935484
main_target_le_5,G5_Kari_Culik_13,3->5,3,5,CENTER,1240,160168,491,749,0.3959677419354839
main_target_le_5,G5_Kari_Culik_13,3->5,3,5,ALL_CORNERS,1240,160168,1200,40,0.967741935483871
main_target_le_5,G5_Kari_Culik_13,3->5,3,5,ANY_EDGE,1240,160168,1200,40,0.967741935483871
main_target_le_5,G5_Kari_Culik_13,3->5,3,5,ANY_OFFSET,1240,160168,1200,40,0.967741935483871
main_target_le_5,G5_Kari_Culik_13,4->5,4,5,NW,14810,160168,5897,8913,0.39817690749493584
main_target_le_5,G5_Kari_Culik_13,4->5,4,5,NE,14810,160168,5897,8913,0.39817690749493584
main_target_le_5,G5_Kari_Culik_13,4->5,4,5,SW,14810,160168,8197,6613,0.5534773801485483
main_target_le_5,G5_Kari_Culik_13,4->5,4,5,SE,14810,160168,8197,6613,0.5534773801485483
main_target_le_5,G5_Kari_Culik_13,4->5,4,5,CENTER,14810,160168,5897,8913,0.39817690749493584
main_target_le_5,G5_Kari_Culik_13,4->5,4,5,ALL_CORNERS,14810,160168,11324,3486,0.7646185010128291
main_target_le_5,G5_Kari_Culik_13,4->5,4,5,ANY_EDGE,14810,160168,11324,3486,0.7646185010128291
main_target_le_5,G5_Kari_Culik_13,4->5,4,5,ANY_OFFSET,14810,160168,11324,3486,0.7646185010128291
limit_target_6_G3_G4,G3_Jeandel_Rao_11,2->6,2,6,NW,85,50638,71,14,0.8352941176470589
limit_target_6_G3_G4,G3_Jeandel_Rao_11,2->6,2,6,NE,85,50638,76,9,0.8941176470588236
limit_target_6_G3_G4,G3_Jeandel_Rao_11,2->6,2,6,SW,85,50638,68,17,0.8
limit_target_6_G3_G4,G3_Jeandel_Rao_11,2->6,2,6,SE,85,50638,77,8,0.9058823529411765
limit_target_6_G3_G4,G3_Jeandel_Rao_11,2->6,2,6,CENTER,85,50638,55,30,0.6470588235294118
limit_target_6_G3_G4,G3_Jeandel_Rao_11,2->6,2,6,ALL_CORNERS,85,50638,84,1,0.9882352941176471
limit_target_6_G3_G4,G3_Jeandel_Rao_11,2->6,2,6,ANY_EDGE,85,50638,84,1,0.9882352941176471
limit_target_6_G3_G4,G3_Jeandel_Rao_11,2->6,2,6,ANY_OFFSET,85,50638,84,1,0.9882352941176471
limit_target_6_G3_G4,G3_Jeandel_Rao_11,3->6,3,6,NW,444,50638,258,186,0.581081081081081
limit_target_6_G3_G4,G3_Jeandel_Rao_11,3->6,3,6,NE,444,50638,277,167,0.6238738738738738
limit_target_6_G3_G4,G3_Jeandel_Rao_11,3->6,3,6,SW,444,50638,231,213,0.5202702702702703
limit_target_6_G3_G4,G3_Jeandel_Rao_11,3->6,3,6,SE,444,50638,268,176,0.6036036036036037
limit_target_6_G3_G4,G3_Jeandel_Rao_11,3->6,3,6,CENTER,444,50638,148,296,0.3333333333333333
limit_target_6_G3_G4,G3_Jeandel_Rao_11,3->6,3,6,ALL_CORNERS,444,50638,394,50,0.8873873873873874
limit_target_6_G3_G4,G3_Jeandel_Rao_11,3->6,3,6,ANY_EDGE,444,50638,395,49,0.8896396396396397
limit_target_6_G3_G4,G3_Jeandel_Rao_11,3->6,3,6,ANY_OFFSET,444,50638,395,49,0.8896396396396397
limit_target_6_G3_G4,G3_Jeandel_Rao_11,4->6,4,6,NW,1723,50638,775,948,0.4497968659315148
limit_target_6_G3_G4,G3_Jeandel_Rao_11,4->6,4,6,NE,1723,50638,884,839,0.5130586186883344
limit_target_6_G3_G4,G3_Jeandel_Rao_11,4->6,4,6,SW,1723,50638,780,943,0.4526987811955891
limit_target_6_G3_G4,G3_Jeandel_Rao_11,4->6,4,6,SE,1723,50638,928,795,0.538595473012188
limit_target_6_G3_G4,G3_Jeandel_Rao_11,4->6,4,6,CENTER,1723,50638,429,1294,0.248984329657574
limit_target_6_G3_G4,G3_Jeandel_Rao_11,4->6,4,6,ALL_CORNERS,1723,50638,1453,270,0.8432965757399884
limit_target_6_G3_G4,G3_Jeandel_Rao_11,4->6,4,6,ANY_EDGE,1723,50638,1454,269,0.8438769587928032
limit_target_6_G3_G4,G3_Jeandel_Rao_11,4->6,4,6,ANY_OFFSET,1723,50638,1454,269,0.8438769587928032
limit_target_6_G3_G4,G3_Jeandel_Rao_11,5->6,5,6,NW,9172,50638,2928,6244,0.31923244657653727
limit_target_6_G3_G4,G3_Jeandel_Rao_11,5->6,5,6,NE,9172,50638,3965,5207,0.43229393807239425
limit_target_6_G3_G4,G3_Jeandel_Rao_11,5->6,5,6,SW,9172,50638,3417,5755,0.3725468818142172
limit_target_6_G3_G4,G3_Jeandel_Rao_11,5->6,5,6,SE,9172,50638,4578,4594,0.49912778020061055
limit_target_6_G3_G4,G3_Jeandel_Rao_11,5->6,5,6,CENTER,9172,50638,2928,6244,0.31923244657653727
limit_target_6_G3_G4,G3_Jeandel_Rao_11,5->6,5,6,ALL_CORNERS,9172,50638,6941,2231,0.7567597034452682
limit_target_6_G3_G4,G3_Jeandel_Rao_11,5->6,5,6,ANY_EDGE,9172,50638,6941,2231,0.7567597034452682
limit_target_6_G3_G4,G3_Jeandel_Rao_11,5->6,5,6,ANY_OFFSET,9172,50638,6941,2231,0.7567597034452682
limit_target_6_G3_G4,G4_Labbe_19,2->6,2,6,NW,139,10952,92,47,0.6618705035971223
limit_target_6_G3_G4,G4_Labbe_19,2->6,2,6,NE,139,10952,62,77,0.4460431654676259
limit_target_6_G3_G4,G4_Labbe_19,2->6,2,6,SW,139,10952,93,46,0.6690647482014388
limit_target_6_G3_G4,G4_Labbe_19,2->6,2,6,SE,139,10952,62,77,0.4460431654676259
limit_target_6_G3_G4,G4_Labbe_19,2->6,2,6,CENTER,139,10952,50,89,0.3597122302158273
limit_target_6_G3_G4,G4_Labbe_19,2->6,2,6,ALL_CORNERS,139,10952,117,22,0.841726618705036
limit_target_6_G3_G4,G4_Labbe_19,2->6,2,6,ANY_EDGE,139,10952,117,22,0.841726618705036
limit_target_6_G3_G4,G4_Labbe_19,2->6,2,6,ANY_OFFSET,139,10952,117,22,0.841726618705036
limit_target_6_G3_G4,G4_Labbe_19,3->6,3,6,NW,428,10952,277,151,0.647196261682243
limit_target_6_G3_G4,G4_Labbe_19,3->6,3,6,NE,428,10952,124,304,0.2897196261682243
limit_target_6_G3_G4,G4_Labbe_19,3->6,3,6,SW,428,10952,273,155,0.6378504672897196
limit_target_6_G3_G4,G4_Labbe_19,3->6,3,6,SE,428,10952,128,300,0.29906542056074764
limit_target_6_G3_G4,G4_Labbe_19,3->6,3,6,CENTER,428,10952,98,330,0.22897196261682243
limit_target_6_G3_G4,G4_Labbe_19,3->6,3,6,ALL_CORNERS,428,10952,356,72,0.8317757009345794
limit_target_6_G3_G4,G4_Labbe_19,3->6,3,6,ANY_EDGE,428,10952,357,71,0.8341121495327103
limit_target_6_G3_G4,G4_Labbe_19,3->6,3,6,ANY_OFFSET,428,10952,357,71,0.8341121495327103
limit_target_6_G3_G4,G4_Labbe_19,4->6,4,6,NW,1955,10952,878,1077,0.44910485933503835
limit_target_6_G3_G4,G4_Labbe_19,4->6,4,6,NE,1955,10952,255,1700,0.13043478260869565
limit_target_6_G3_G4,G4_Labbe_19,4->6,4,6,SW,1955,10952,813,1142,0.4158567774936061
limit_target_6_G3_G4,G4_Labbe_19,4->6,4,6,SE,1955,10952,257,1698,0.13145780051150896
limit_target_6_G3_G4,G4_Labbe_19,4->6,4,6,CENTER,1955,10952,181,1774,0.09258312020460358
limit_target_6_G3_G4,G4_Labbe_19,4->6,4,6,ALL_CORNERS,1955,10952,1115,840,0.5703324808184144
limit_target_6_G3_G4,G4_Labbe_19,4->6,4,6,ANY_EDGE,1955,10952,1115,840,0.5703324808184144
limit_target_6_G3_G4,G4_Labbe_19,4->6,4,6,ANY_OFFSET,1955,10952,1115,840,0.5703324808184144
limit_target_6_G3_G4,G4_Labbe_19,5->6,5,6,NW,3626,10952,2342,1284,0.6458907887479316
limit_target_6_G3_G4,G4_Labbe_19,5->6,5,6,NE,3626,10952,488,3138,0.13458356315499173
limit_target_6_G3_G4,G4_Labbe_19,5->6,5,6,SW,3626,10952,2226,1400,0.6138996138996139
limit_target_6_G3_G4,G4_Labbe_19,5->6,5,6,SE,3626,10952,510,3116,0.14065085493656923
limit_target_6_G3_G4,G4_Labbe_19,5->6,5,6,CENTER,3626,10952,2342,1284,0.6458907887479316
limit_target_6_G3_G4,G4_Labbe_19,5->6,5,6,ALL_CORNERS,3626,10952,2871,755,0.7917815774958632
limit_target_6_G3_G4,G4_Labbe_19,5->6,5,6,ANY_EDGE,3626,10952,2871,755,0.7917815774958632
limit_target_6_G3_G4,G4_Labbe_19,5->6,5,6,ANY_OFFSET,3626,10952,2871,755,0.7917815774958632
